id_cliente,nombre_cliente,id_vendedor
1,Hugo Gómez,1
2,Jorge García,2
3,Pablo Gil,3
4,Sergio Martín,4
5,Pablo Vega,5
6,Laura Gómez,6
7,Paula León,7
8,David Vega,8
9,Hugo Gil,9
10,Sara López,10
11,Juan García,11
12,Iván Vega,12
13,Sara Castro,13
14,Hugo Ramos,14
15,Elena Díaz,15
16,Laura León,16
17,María Martín,17
18,Lucía Fernández,18
19,María Ramos,19
20,Ana Pérez,20
21,Paula Herrera,21
22,Jorge Pérez,22
23,Sara Vega,23
24,Laura Torres,24
25,Nuria Castro,25
26,Clara Navarro,26
27,Pablo Gómez,27
28,David Pérez,28
29,Hugo Gómez,29
30,Carlos Herrera,30
31,Elena Ortega,31
32,Laura Gil,32
33,Pablo Herrera,33
34,Laura León,34
35,Pablo Herrera,35
36,Lucía Herrera,36
37,Jorge Ortega,37
38,Iván Torres,38
39,Pablo Sánchez,39
40,David Torres,40
41,Paula Gil,41
42,Raúl Ortega,42
43,Paula León,43
44,Ana Torres,44
45,Hugo Sánchez,45
46,Clara Pérez,46
47,Sergio Ramos,47
48,Alejandro Sánchez,48
49,Paula Gómez,49
50,Sergio Fernández,50
51,Ana Ramos,51
52,Laura León,52
53,Juan Ramos,53
54,Nuria Gil,54
55,Pablo Gil,55
56,Laura López,56
57,Hugo Torres,57
58,Elena Ruiz,58
59,Marta Ruiz,59
60,Pablo Ruiz,60
61,Alejandro Morales,61
62,Laura Herrera,62
63,Carlos León,63
64,Iván Ortega,64
65,Alejandro Pérez,65
66,Marta Fernández,66
67,Juan Pérez,67
68,Lucía Ruiz,68
69,Iván García,69
70,Clara Fernández,70
71,Laura Vega,71
72,Jorge García,72
73,Elena Morales,73
74,Sara Herrera,74
75,Sara Vega,75
76,Pablo Gil,76
77,Lucía Ruiz,77
78,Juan Ramos,78
79,Ana Gómez,79
80,Alejandro Ortega,80
81,Elena Navarro,81
82,Elena López,82
83,Alejandro Fernández,83
84,Sara Torres,84
85,Sergio Gómez,85
86,Iván Pérez,86
87,Sergio Gil,87
88,Ana Vega,88
89,Elena Morales,89
90,Raúl Martín,90
91,Carlos Ramos,91
92,Elena León,92
93,Iván Ortega,93
94,Elena Gil,94
95,David Díaz,95
96,Ana Romero,96
97,Carlos Ortega,97
98,Clara Castro,98
99,Marta Gómez,99
100,Lucía Torres,100
101,Ana Ruiz,101
102,Clara Pérez,102
103,Nuria Ramos,103
104,Juan León,104
105,Ana Martín,105
106,Hugo Herrera,106
107,Lucía Castro,107
108,Carlos Morales,108
109,Nuria Romero,109
110,Laura Sánchez,110
111,Juan Pérez,111
112,Laura Pérez,112
113,Ana Martín,113
114,Sara Martín,114
115,Paula Torres,115
116,David Ruiz,116
117,Alejandro Vega,117
118,Iván Herrera,118
119,Raúl Navarro,119
120,Sara Castro,120
121,Jorge Castro,121
122,Pablo García,122
123,Alejandro Castro,123
124,Hugo Vega,124
125,Juan Fernández,125
126,Iván Navarro,126
127,Clara Ruiz,127
128,Elena Gómez,128
129,Elena Martín,129
130,Ana Ruiz,130
131,Carlos Sánchez,131
132,David Ortega,132
133,Ana Díaz,133
134,Juan Navarro,134
135,Carlos Gómez,135
136,Iván León,136
137,Carlos Vega,137
138,Raúl Herrera,1
139,Marta López,2
140,Sergio Martín,3
141,Sara García,4
142,Raúl Ramos,5
143,David Herrera,6
144,Paula León,7
145,María Sánchez,8
146,Juan Navarro,9
147,Sergio Ortega,10
148,Juan Herrera,11
149,Carlos García,12
150,Sara Vega,13
151,David Herrera,14
152,Nuria Herrera,15
153,Hugo Ruiz,16
154,Marta Pérez,17
155,Ana Romero,18
156,Clara Ramos,19
157,Sergio Pérez,20
158,Hugo León,21
159,Sara Gómez,22
160,Hugo Vega,23
161,Jorge Morales,24
162,Sergio Díaz,25
163,Marta Gil,26
164,Jorge García,27
165,Clara León,28
166,Laura Fernández,29
167,Clara López,30
168,Jorge Morales,31
169,Raúl Pérez,32
170,Sara Ruiz,33
171,Marta Ortega,34
172,Laura Herrera,35
173,Paula Navarro,36
174,Lucía Ortega,37
175,Clara Castro,38
176,Pablo Vega,39
177,Paula Vega,40
178,Raúl Castro,41
179,Raúl Fernández,42
180,Ana Herrera,43
181,Sara Navarro,44
182,Juan León,45
183,Sara Castro,46
184,Alejandro Navarro,47
185,David Castro,48
186,Carlos Ruiz,49
187,Sergio Gómez,50
188,Clara Castro,51
189,Sara Herrera,52
190,Paula Castro,53
191,Clara Díaz,54
192,Nuria León,55
193,Iván Pérez,56
194,Iván Pérez,57
195,Hugo Torres,58
196,Jorge León,59
197,Laura Ruiz,60
198,Marta Pérez,61
199,Jorge Martín,62
200,Lucía Herrera,63
201,David Vega,64
202,David Morales,65
203,Sergio Gil,66
204,David Gil,67
205,Marta Fernández,68
206,Marta Gil,69
207,Raúl Morales,70
208,Elena Vega,71
209,Marta Gómez,72
210,Paula Fernández,73
211,Jorge Torres,74
212,Marta Gómez,75
213,Pablo Romero,76
214,Jorge Navarro,77
215,Hugo Ramos,78
216,Sara Castro,79
217,Clara Martín,80
218,María Torres,81
219,Jorge Ortega,82
220,Lucía Navarro,83
221,David Ruiz,84
222,Hugo García,85
223,Hugo Torres,86
224,María Ortega,87
225,Elena Fernández,88
226,Hugo Vega,89
227,Laura León,90
228,Pablo García,91
229,Sergio León,92
230,Carlos Díaz,93
231,Laura Herrera,94
232,Carlos Morales,95
233,Carlos Ortega,96
234,David Ramos,97
235,Paula Gómez,98
236,María Vega,99
237,Pablo Morales,100
238,Lucía Fernández,101
239,Juan León,102
240,Carlos Ramos,103
241,Paula Navarro,104
242,Alejandro Ruiz,105
243,Pablo García,106
244,Ana Ramos,107
245,Sergio Torres,108
246,Alejandro Fernández,109
247,Carlos López,110
248,Nuria Navarro,111
249,Iván León,112
250,Sergio Ramos,113
251,Elena Gómez,114
252,David Fernández,115
253,María Pérez,116
254,Nuria Díaz,117
255,Alejandro Fernández,118
256,Hugo Romero,119
257,Elena Castro,120
258,Sergio Sánchez,121
259,Sara López,122
260,Sara Castro,123
261,David Fernández,124
262,Marta Pérez,125
263,Paula Castro,126
264,Clara López,127
265,Hugo Herrera,128
266,David García,129
267,Marta Díaz,130
268,Paula Vega,131
269,Nuria Morales,132
270,Carlos León,133
271,Jorge Sánchez,134
272,Juan Herrera,135
273,María Castro,136
274,Juan Morales,137
275,Iván Sánchez,1
276,Jorge López,2
277,Alejandro Fernández,3
278,Clara Gómez,4
279,David Martín,5
280,Paula Vega,6
281,Hugo Romero,7
282,Hugo Torres,8
283,Juan Ortega,9
284,Nuria Herrera,10
285,Laura León,11
286,Paula Romero,12
287,Paula Fernández,13
288,Clara López,14
289,Pablo García,15
290,David García,16
291,Jorge Pérez,17
292,Jorge Ortega,18
293,Raúl Navarro,19
294,Juan Martín,20
295,Carlos Ortega,21
296,Raúl Ramos,22
297,Pablo Gil,23
298,Sergio Morales,24
299,Hugo Navarro,25
300,Elena Herrera,26
301,Clara Ortega,27
302,Elena López,28
303,Iván Navarro,29
304,Clara Navarro,30
305,Alejandro Gómez,31
306,Elena Ramos,32
307,Elena Sánchez,33
308,David Castro,34
309,Hugo Torres,35
310,Hugo Romero,36
311,Clara Díaz,37
312,Nuria Navarro,38
313,Carlos Fernández,39
314,Pablo León,40
315,Nuria Sánchez,41
316,Hugo Romero,42
317,Paula Pérez,43
318,Iván Ruiz,44
319,Lucía Gil,45
320,Nuria Martín,46
321,Paula García,47
322,María Fernández,48
323,Jorge Díaz,49
324,Lucía Herrera,50
325,Carlos Martín,51
326,Sergio López,52
327,Sergio Morales,53
328,Hugo Castro,54
329,Marta Gómez,55
330,Raúl Ramos,56
331,Juan García,57
332,Elena Gil,58
333,Juan León,59
334,David Sánchez,60
335,Sara León,61
336,David Ortega,62
337,Elena León,63
338,María Vega,64
339,Laura López,65
340,Raúl Ruiz,66
341,Laura Martín,67
342,Juan Herrera,68
343,Carlos Torres,69
344,Carlos Morales,70
345,Laura Fernández,71
346,David Martín,72
347,Clara Romero,73
348,Nuria Pérez,74
349,Juan Morales,75
350,Alejandro García,76
351,Marta Gil,77
352,Lucía Romero,78
353,Lucía Herrera,79
354,Paula Sánchez,80
355,Paula Herrera,81
356,Juan Ruiz,82
357,Elena Martín,83
358,Marta López,84
359,Lucía Ruiz,85
360,Clara López,86
361,Ana Fernández,87
362,Clara Gómez,88
363,Sara Pérez,89
364,Pablo Torres,90
365,Carlos López,91
366,Laura Navarro,92
367,Jorge Castro,93
368,David Martín,94
369,Juan Navarro,95
370,Iván Vega,96
371,Pablo Díaz,97
372,Hugo Ruiz,98
373,Marta Ruiz,99
374,Juan Torres,100
375,Elena Romero,101
376,Elena Ortega,102
377,Raúl López,103
378,Elena León,104
379,Iván Navarro,105
380,Raúl Ruiz,106
381,Hugo García,107
382,Iván Sánchez,108
383,Pablo Fernández,109
384,Ana Ortega,110
385,Nuria Sánchez,111
386,Laura García,112
387,Laura Ortega,113
388,Paula Díaz,114
389,Clara Vega,115
390,Juan Torres,116
391,Juan Ramos,117
392,Elena Martín,118
393,Elena Torres,119
394,David Romero,120
395,Iván Gómez,121
396,Raúl Gómez,122
397,David Castro,123
398,Lucía Pérez,124
399,Marta Morales,125
400,María Pérez,126
401,Lucía Ramos,127
402,Juan Gil,128
403,Paula Gil,129
404,Nuria López,130
405,Marta Torres,131
406,Lucía Vega,132
407,Marta Sánchez,133
408,Pablo Gil,134
409,Raúl Fernández,135
410,María Gómez,136
411,Laura Vega,137
412,Jorge Morales,1
413,Clara Torres,2
414,Nuria Ruiz,3
415,Paula Gómez,4
416,Juan Díaz,5
417,Nuria Díaz,6
418,Nuria Herrera,7
419,Jorge García,8
420,Sara Martín,9
421,Carlos Romero,10
422,Hugo Ramos,11
423,Lucía Herrera,12
424,Marta Vega,13
425,Marta Martín,14
426,Pablo Ortega,15
427,Iván Ruiz,16
428,Laura Sánchez,17
429,Alejandro León,18
430,David Herrera,19
431,María Castro,20
432,Ana Morales,21
433,Sara Sánchez,22
434,Raúl López,23
435,David López,24
436,Juan Martín,25
437,Laura Castro,26
438,David Ramos,27
439,Iván Castro,28
440,Nuria Herrera,29
441,Clara León,30
442,Juan Fernández,31
443,Clara Sánchez,32
444,Juan Castro,33
445,Juan Ramos,34
446,Carlos Díaz,35
447,Lucía Martín,36
448,María Torres,37
449,Lucía Ortega,38
450,Jorge Ruiz,39
451,Nuria Pérez,40
452,Jorge Ramos,41
453,Alejandro Fernández,42
454,Alejandro Castro,43
455,Paula León,44
456,Elena León,45
457,Iván Herrera,46
458,Jorge Gil,47
459,Ana Navarro,48
460,Juan Navarro,49
461,Alejandro Ortega,50
462,Juan Martín,51
463,Elena Morales,52
464,Pablo Ruiz,53
465,Carlos Sánchez,54
466,Sara Ortega,55
467,Sergio Gil,56
468,Lucía Ortega,57
469,Ana Fernández,58
470,Paula Castro,59
471,Paula Ruiz,60
472,Alejandro Morales,61
473,Clara Ortega,62
474,Laura Gil,63
475,Sergio Ramos,64
476,María Ramos,65
477,Carlos Gil,66
478,Lucía Fernández,67
479,Marta Díaz,68
480,Hugo Gil,69
481,Sara Navarro,70
482,David Ortega,71
483,Carlos León,72
484,Lucía León,73
485,Clara Gil,74
486,Pablo Ramos,75
487,David López,76
488,Paula Navarro,77
489,Sara Díaz,78
490,Sara León,79
491,Clara Fernández,80
492,Jorge Vega,81
493,Lucía Romero,82
494,Pablo Gil,83
495,María Vega,84
496,Raúl Gómez,85
497,Lucía Morales,86
498,María Romero,87
499,Marta Navarro,88
500,Nuria Fernández,89
501,Clara Navarro,90
502,Clara Torres,91
503,Iván Navarro,92
504,Marta López,93
505,María Vega,94
506,Sara Torres,95
507,Nuria López,96
508,Sergio Ramos,97
509,Ana Gil,98
510,Sara Vega,99
511,Paula Castro,100
512,David Navarro,101
513,Ana Ruiz,102
514,Paula Vega,103
515,María Ramos,104
516,Juan Castro,105
517,Carlos León,106
518,Pablo García,107
519,Elena Morales,108
520,Lucía Martín,109
521,Raúl Vega,110
522,Paula Ruiz,111
523,Sergio Gómez,112
524,Marta Ramos,113
525,Elena Fernández,114
526,Pablo Gil,115
527,Clara Navarro,116
528,Jorge Díaz,117
529,Sergio Herrera,118
530,Nuria García,119
531,María Ruiz,120
532,Nuria Ortega,121
533,Laura Martín,122
534,Nuria López,123
535,David Ruiz,124
536,Hugo Pérez,125
537,Ana Navarro,126
538,Ana García,127
539,Pablo León,128
540,Paula Gil,129
541,Jorge Gómez,130
542,David Ruiz,131
543,Hugo Gil,132
544,Elena Morales,133
545,Elena Ramos,134
546,David Vega,135
547,Raúl Herrera,136
548,Raúl García,137
549,Elena Fernández,1
550,Ana Fernández,2
551,Raúl Ortega,3
552,Lucía Pérez,4
553,Carlos Gil,5
554,Ana Sánchez,6
555,Laura Gil,7
556,Laura Ruiz,8
557,Iván Díaz,9
558,Sara Ortega,10
559,Lucía Ruiz,11
560,Elena Vega,12
561,Sergio Vega,13
562,Alejandro Ramos,14
563,Raúl López,15
564,Clara López,16
565,Paula Gil,17
566,Lucía Romero,18
567,Alejandro Torres,19
568,Hugo Martín,20
569,Jorge Navarro,21
570,Sergio Gil,22
571,Sergio Castro,23
572,Sara Sánchez,24
573,Nuria Herrera,25
574,Iván López,26
575,Carlos Ortega,27
576,Jorge Gómez,28
577,David Romero,29
578,Raúl León,30
579,Paula Torres,31
580,Juan Romero,32
581,Pablo Fernández,33
582,Clara Castro,34
583,Hugo Ortega,35
584,Pablo Vega,36
585,María Pérez,37
586,Hugo Vega,38
587,Ana Gil,39
588,David Díaz,40
589,Raúl Navarro,41
590,Paula Torres,42
591,Iván Herrera,43
592,Sara Fernández,44
593,Lucía Herrera,45
594,Clara Pérez,46
595,Ana Ortega,47
596,Paula Ortega,48
597,Sergio Romero,49
598,Juan Navarro,50
599,Juan Díaz,51
600,Iván Morales,52
601,Jorge Díaz,53
602,David Navarro,54
603,Paula López,55
604,Elena Morales,56
605,Clara Martín,57
606,Clara Ortega,58
607,Laura León,59
608,Sara López,60
609,Elena Romero,61
610,Sergio Gómez,62
611,Carlos Navarro,63
612,Pablo Ruiz,64
613,Marta Gil,65
614,María Martín,66
615,Alejandro Pérez,67
616,Nuria Ortega,68
617,Marta Fernández,69
618,Carlos Vega,70
619,Alejandro Gil,71
620,Pablo Herrera,72
621,Alejandro Díaz,73
622,Paula Morales,74
623,Marta Navarro,75
624,María García,76
625,Laura Castro,77
626,Hugo López,78
627,Sara León,79
628,María Castro,80
629,Sara López,81
630,Lucía Martín,82
631,Clara García,83
632,Pablo Sánchez,84
633,Paula Sánchez,85
634,Paula Ramos,86
635,Marta Vega,87
636,Clara Morales,88
637,Iván Ortega,89
638,Juan Herrera,90
639,Iván Gil,91
640,Ana Ortega,92
641,Raúl Castro,93
642,Pablo Vega,94
643,Clara Martín,95
644,Alejandro Gil,96
645,Raúl Fernández,97
646,Sara Gómez,98
647,Carlos Fernández,99
648,Jorge Herrera,100
649,Paula Torres,101
650,Sergio Sánchez,102
651,Lucía Ortega,103
652,Elena Ortega,104
653,Clara Morales,105
654,Pablo García,106
655,Iván Torres,107
656,Juan Morales,108
657,Juan Díaz,109
658,Nuria Morales,110
659,Hugo Ramos,111
660,Nuria Castro,112
661,María Pérez,113
662,Paula Castro,114
663,Iván Ruiz,115
664,Jorge Gómez,116
665,Raúl León,117
666,David Gómez,118
667,Jorge Navarro,119
668,Juan García,120
669,David Fernández,121
670,Alejandro Gómez,122
671,Sergio Díaz,123
672,Alejandro Pérez,124
673,Paula López,125
674,Marta Gil,126
675,Raúl Herrera,127
676,Iván Ramos,128
677,Laura Sánchez,129
678,Raúl López,130
679,Pablo Morales,131
680,Hugo Ortega,132
681,Marta Fernández,133
682,Clara León,134
683,Raúl Gil,135
684,Ana León,136
685,Paula López,137
686,Alejandro Torres,1
687,Sara Vega,2
688,Marta García,3
689,Clara Navarro,4
690,Iván Ramos,5
691,Nuria Morales,6
692,Sara García,7
693,Clara García,8
694,Laura García,9
695,Raúl Vega,10
696,Juan León,11
697,Raúl García,12
698,Iván León,13
699,Raúl Ramos,14
700,Raúl Sánchez,15
701,Paula Ramos,16
702,Carlos Torres,17
703,Pablo Morales,18
704,Clara Ruiz,19
705,Paula Martín,20
706,Clara Castro,21
707,Ana Morales,22
708,Elena García,23
709,Iván Torres,24
710,Sergio Morales,25
711,Iván Ramos,26
712,Paula García,27
713,Sara Morales,28
714,María Torres,29
715,Jorge Ruiz,30
716,Carlos León,31
717,Juan Navarro,32
718,María Sánchez,33
719,Jorge Herrera,34
720,Hugo Díaz,35
721,Juan Romero,36
722,Elena Navarro,37
723,Marta Ruiz,38
724,Marta Torres,39
725,Nuria Díaz,40
726,Lucía Morales,41
727,Hugo Fernández,42
728,Lucía Castro,43
729,Elena Vega,44
730,Paula Fernández,45
731,Ana Ruiz,46
732,Ana Castro,47
733,Jorge García,48
734,Marta Martín,49
735,Juan León,50
736,Iván López,51
737,María Morales,52
738,Marta Díaz,53
739,Pablo Castro,54
740,Marta Castro,55
741,Juan López,56
742,Elena Romero,57
743,Pablo Gómez,58
744,Raúl López,59
745,Juan Vega,60
746,Paula Navarro,61
747,Pablo Ortega,62
748,Pablo Díaz,63
749,Clara Vega,64
750,Nuria Castro,65
751,Raúl Ruiz,66
752,Sara Morales,67
753,Lucía Herrera,68
754,Raúl Ortega,69
755,Elena Castro,70
756,Sergio Martín,71
757,Clara Gil,72
758,María García,73
759,Ana Gil,74
760,Laura Torres,75
761,Carlos Navarro,76
762,María Pérez,77
763,Elena Fernández,78
764,Iván Ruiz,79
765,Hugo Castro,80
766,Clara Castro,81
767,Carlos Ortega,82
768,María Díaz,83
769,Hugo Vega,84
770,Pablo López,85
771,Elena Morales,86
772,Sara Vega,87
773,Laura Pérez,88
774,Iván Torres,89
775,Juan Vega,90
776,Pablo Pérez,91
777,Jorge Pérez,92
778,David Ramos,93
779,María Romero,94
780,Marta Vega,95
781,Sergio Gómez,96
782,Paula Martín,97
783,Elena Díaz,98
784,Ana Díaz,99
785,Ana Morales,100
786,Sergio León,101
787,Marta Morales,102
788,Pablo Martín,103
789,Clara Pérez,104
790,María Castro,105
791,Clara Fernández,106
792,David Martín,107
793,David Gómez,108
794,Sara García,109
795,Hugo Sánchez,110
796,Alejandro Torres,111
797,Iván Pérez,112
798,Carlos López,113
799,María León,114
800,María Gómez,115
801,Hugo Torres,116
802,Carlos Díaz,117
803,Jorge Díaz,118
804,Carlos Torres,119
805,Elena García,120
806,David Martín,121
807,Raúl Vega,122
808,Laura Castro,123
809,María Ramos,124
810,Sara Gómez,125
811,Carlos Díaz,126
812,Marta Ruiz,127
813,Nuria Navarro,128
814,Sara Vega,129
815,Carlos García,130
816,Hugo Fernández,131
817,Sara León,132
818,Sergio Pérez,133
819,Nuria Torres,134
820,Iván Navarro,135
821,Ana Pérez,136
822,Marta Ramos,137
823,María Gil,1
824,Iván Gil,2
825,Sergio Vega,3
826,Alejandro Castro,4
827,Marta Pérez,5
828,Ana Martín,6
829,Laura Martín,7
830,Lucía Ruiz,8
831,Nuria Sánchez,9
832,Hugo Gil,10
833,Elena Ruiz,11
834,Raúl Pérez,12
835,Raúl Ortega,13
836,Marta García,14
837,Ana López,15
838,Nuria León,16
839,Marta Castro,17
840,Laura Díaz,18
841,Laura Navarro,19
842,Iván Ramos,20
843,Clara Díaz,21
844,Nuria Sánchez,22
845,Carlos Gil,23
846,Ana Martín,24
847,Sara Gómez,25
848,Laura Castro,26
849,Marta Romero,27
850,Juan Castro,28
851,Elena Gil,29
852,Juan Gil,30
853,David Romero,31
854,Pablo Castro,32
855,Sergio Gil,33
856,Alejandro Fernández,34
857,Pablo Morales,35
858,Pablo Torres,36
859,David López,37
860,Lucía León,38
861,Elena Gil,39
862,Laura Martín,40
863,Elena Ortega,41
864,Alejandro Gil,42
865,Sara Ortega,43
866,Clara Ortega,44
867,Sara Martín,45
868,Jorge Gómez,46
869,Jorge Vega,47
870,Paula Romero,48
871,Paula Ramos,49
872,David Ruiz,50
873,Laura Fernández,51
874,David Ruiz,52
875,Juan Ramos,53
876,Elena Vega,54
877,Juan León,55
878,Clara Navarro,56
879,María García,57
880,María López,58
881,Lucía Sánchez,59
882,Paula Vega,60
883,Carlos Castro,61
884,Marta Martín,62
885,Laura Gómez,63
886,Alejandro Castro,64
887,Iván Torres,65
888,Clara Morales,66
889,Paula Ramos,67
890,David Morales,68
891,Nuria Herrera,69
892,Paula Gómez,70
893,Laura Fernández,71
894,Paula Romero,72
895,Alejandro López,73
896,Clara Díaz,74
897,María García,75
898,Hugo León,76
899,Ana Morales,77
900,Juan Castro,78
901,Jorge Gómez,79
902,Ana Martín,80
903,Laura Castro,81
904,Jorge López,82
905,Clara García,83
906,Pablo Romero,84
907,Carlos Vega,85
908,María Torres,86
909,Hugo Díaz,87
910,Juan Herrera,88
911,Alejandro Ramos,89
912,Juan Morales,90
913,Marta Herrera,91
914,Raúl Vega,92
915,Sergio Romero,93
916,David Pérez,94
917,Pablo Vega,95
918,Marta Ruiz,96
919,Jorge Sánchez,97
920,Pablo Pérez,98
921,Jorge Ramos,99
922,David Martín,100
923,Lucía López,101
924,Iván Romero,102
925,Lucía Gómez,103
926,Marta Vega,104
927,Raúl Ortega,105
928,Iván Sánchez,106
929,Carlos Martín,107
930,Paula Pérez,108
931,Clara Romero,109
932,Sara Martín,110
933,Nuria Navarro,111
934,Pablo Ramos,112
935,Carlos Gil,113
936,Jorge Navarro,114
937,Hugo Martín,115
938,Clara Romero,116
939,Elena Ruiz,117
940,Elena Ramos,118
941,Marta Sánchez,119
942,Sara Díaz,120
943,Alejandro Martín,121
944,Juan Ramos,122
945,Sara Vega,123
946,Nuria Castro,124
947,Hugo Castro,125
948,Paula Torres,126
949,Iván Gil,127
950,Iván Ramos,128
951,Paula Sánchez,129
952,Sergio Vega,130
953,Carlos Vega,131
954,Iván Ortega,132
955,Clara Sánchez,133
956,Sergio Castro,134
957,Pablo Gil,135
958,Ana Sánchez,136
959,Lucía Ortega,137
960,María Herrera,1
961,Laura Martín,2
962,Paula Herrera,3
963,Sara Vega,4
964,María Vega,5
965,Paula León,6
966,Paula Castro,7
967,Nuria Sánchez,8
968,Paula López,9
969,Juan Pérez,10
970,Iván Romero,11
971,Pablo Navarro,12
972,Elena Gómez,13
973,Paula Navarro,14
974,Pablo Herrera,15
975,Laura Pérez,16
976,Clara Navarro,17
977,Hugo Martín,18
978,Elena Navarro,19
979,Marta Navarro,20
980,Nuria López,21
981,Elena Martín,22
982,Carlos Torres,23
983,Iván Ramos,24
984,Marta Gómez,25
985,Hugo Ramos,26
986,María Gil,27
987,María Vega,28
988,Hugo Pérez,29
989,Jorge Fernández,30
990,Pablo Herrera,31
991,Pablo Castro,32
992,María Martín,33
993,María Gómez,34
994,David Vega,35
995,Raúl Gil,36
996,Laura Torres,37
997,Iván Fernández,38
998,Jorge Navarro,39
999,Raúl Díaz,40
1000,Pablo Torres,41
1001,Alejandro Romero,42
1002,Nuria León,43
1003,María Ruiz,44
1004,David Pérez,45
1005,Alejandro Vega,46
1006,María Fernández,47
1007,Paula Castro,48
1008,Pablo Navarro,49
1009,Lucía Ortega,50
1010,Pablo Díaz,51
1011,Iván García,52
1012,Hugo Sánchez,53
1013,Clara Castro,54
1014,Clara Fernández,55
1015,Alejandro Díaz,56
1016,Juan Pérez,57
1017,Laura Torres,58
1018,Pablo Martín,59
1019,Jorge Pérez,60
1020,David Gil,61
1021,Alejandro Morales,62
1022,Elena Torres,63
1023,Pablo Gil,64
1024,David Sánchez,65
1025,Lucía Martín,66
1026,Alejandro García,67
1027,David Vega,68
1028,Nuria Torres,69
1029,Carlos Romero,70
1030,Iván Vega,71
1031,Raúl Vega,72
1032,Juan Gil,73
1033,Lucía Gil,74
1034,Hugo Romero,75
1035,Juan Morales,76
1036,Laura Herrera,77
1037,Marta López,78
1038,Juan Martín,79
1039,Alejandro Herrera,80
1040,Lucía León,81
1041,Laura Sánchez,82
1042,Pablo Sánchez,83
1043,Paula Pérez,84
1044,Alejandro León,85
1045,Nuria León,86
1046,Raúl Fernández,87
1047,Paula Ruiz,88
1048,Carlos Gil,89
1049,Carlos López,90
1050,Juan Sánchez,91
1051,David Morales,92
1052,Sergio Navarro,93
1053,Jorge Sánchez,94
1054,Clara López,95
1055,Alejandro Martín,96
1056,Juan Díaz,97
1057,María Torres,98
1058,Ana Fernández,99
1059,Elena Fernández,100
1060,Paula León,101
1061,Carlos Torres,102
1062,Iván García,103
1063,David Gil,104
1064,Jorge Fernández,105
1065,Nuria Ortega,106
1066,Juan Morales,107
1067,Pablo Díaz,108
1068,Juan Castro,109
1069,María Romero,110
1070,Nuria López,111
1071,Elena León,112
1072,Juan López,113
1073,Jorge Ruiz,114
1074,Raúl Fernández,115
1075,Paula Herrera,116
1076,Marta León,117
1077,Alejandro Ramos,118
1078,Pablo Castro,119
1079,Raúl León,120
1080,Sergio Gómez,121
1081,Clara Fernández,122
1082,María Gil,123
1083,Clara Gil,124
1084,Laura Navarro,125
1085,Paula Torres,126
1086,Clara Martín,127
1087,Carlos Díaz,128
1088,Clara Ruiz,129
1089,Carlos Ramos,130
1090,Elena Fernández,131
1091,David Díaz,132
1092,Juan Gil,133
1093,Alejandro Martín,134
1094,María Ramos,135
1095,David Díaz,136
1096,Raúl Torres,137
1097,Raúl Gil,1
1098,Jorge Vega,2
1099,Sara León,3
1100,Iván Torres,4
1101,Laura Romero,5
1102,Sergio Romero,6
1103,María Ortega,7
1104,Nuria López,8
1105,Iván Díaz,9
1106,Raúl Fernández,10
1107,Jorge Gil,11
1108,Sara Navarro,12
1109,Carlos Torres,13
1110,Carlos Herrera,14
1111,Jorge Sánchez,15
1112,Elena Pérez,16
1113,Laura Castro,17
1114,Elena Morales,18
1115,Hugo López,19
1116,Marta Romero,20
1117,Ana Ortega,21
1118,Laura Gómez,22
1119,Carlos León,23
1120,Sergio López,24
1121,Pablo Vega,25
1122,Jorge Romero,26
1123,Laura Herrera,27
1124,Raúl García,28
1125,Carlos Fernández,29
1126,María Navarro,30
1127,Pablo Fernández,31
1128,Clara Romero,32
1129,Clara Vega,33
1130,María Díaz,34
1131,Juan Romero,35
1132,Sara García,36
1133,Marta Gil,37
1134,Alejandro López,38
1135,Hugo León,39
1136,María Sánchez,40
1137,Clara Torres,41
1138,María Martín,42
1139,Carlos Herrera,43
1140,Clara Sánchez,44
1141,Raúl Herrera,45
1142,Juan López,46
1143,Paula Castro,47
1144,Pablo Díaz,48
1145,Pablo Fernández,49
1146,Alejandro Morales,50
1147,Sara Navarro,51
1148,Clara Ortega,52
1149,Juan León,53
1150,Clara Navarro,54
1151,Laura Torres,55
1152,David Gómez,56
1153,Paula Torres,57
1154,Marta Díaz,58
1155,Sergio Martín,59
1156,Sergio Ramos,60
1157,Hugo Navarro,61
1158,Paula Herrera,62
1159,Nuria Martín,63
1160,Pablo Díaz,64
1161,Laura León,65
1162,Marta Vega,66
1163,David Romero,67
1164,Elena Gil,68
1165,Alejandro Gómez,69
1166,Alejandro Fernández,70
1167,Marta Martín,71
1168,Raúl Sánchez,72
1169,Nuria Pérez,73
1170,Hugo Navarro,74
1171,María García,75
1172,Raúl Castro,76
1173,Laura Castro,77
1174,David Fernández,78
1175,Sara Gil,79
1176,Sergio García,80
1177,Lucía Ruiz,81
1178,David Morales,82
1179,Pablo Navarro,83
1180,Lucía García,84
1181,Juan Herrera,85
1182,Sergio Ruiz,86
1183,María Pérez,87
1184,Sara Romero,88
1185,Iván Romero,89
1186,David Herrera,90
1187,Iván García,91
1188,David García,92
1189,Carlos Ramos,93
1190,David López,94
1191,Lucía Martín,95
1192,Paula León,96
1193,Hugo Navarro,97
1194,Sara Sánchez,98
1195,Marta Díaz,99
1196,David Vega,100
1197,Nuria López,101
1198,Pablo Ortega,102
1199,Iván Gómez,103
1200,Hugo Romero,104
1201,Carlos Martín,105
1202,Ana Navarro,106
1203,Sara López,107
1204,David Ortega,108
1205,Sara Ramos,109
1206,Iván Castro,110
1207,Pablo García,111
1208,Carlos Pérez,112
1209,Raúl Herrera,113
1210,David Herrera,114
1211,Nuria Gómez,115
1212,Marta García,116
1213,Jorge Herrera,117
1214,David León,118
1215,María García,119
1216,Sergio Díaz,120
1217,Clara Sánchez,121
1218,Raúl Pérez,122
1219,Ana Gil,123
1220,Lucía Romero,124
1221,Alejandro León,125
1222,Raúl León,126
1223,Pablo Ramos,127
1224,María Sánchez,128
1225,Pablo Morales,129
1226,Lucía Herrera,130
1227,Alejandro Romero,131
1228,Ana Navarro,132
1229,Hugo Fernández,133
1230,Hugo Fernández,134
1231,Raúl Díaz,135
1232,Alejandro García,136
1233,Sara Navarro,137
1234,Hugo Ramos,1
1235,David Ortega,2
1236,Alejandro Pérez,3
1237,Lucía Sánchez,4
1238,Elena Ramos,5
1239,María Herrera,6
1240,Paula Gil,7
1241,Ana Sánchez,8
1242,Carlos Gil,9
1243,Raúl García,10
1244,Alejandro Gómez,11
1245,Alejandro Fernández,12
1246,David Castro,13
1247,Marta Ortega,14
1248,Pablo Fernández,15
1249,Iván Herrera,16
1250,Sergio León,17
1251,Raúl Fernández,18
1252,Jorge Pérez,19
1253,Carlos León,20
1254,Alejandro Díaz,21
1255,Laura Romero,22
1256,Ana Ortega,23
1257,María Díaz,24
1258,Juan Ruiz,25
1259,María Martín,26
1260,Pablo Romero,27
1261,María Fernández,28
1262,Raúl Gil,29
1263,Jorge Sánchez,30
1264,Juan Martín,31
1265,Clara León,32
1266,Pablo Ramos,33
1267,Nuria Martín,34
1268,David Gómez,35
1269,David Navarro,36
1270,Ana Ruiz,37
1271,Iván Gómez,38
1272,Jorge Gómez,39
1273,Laura Vega,40
1274,Juan Morales,41
1275,Alejandro Torres,42
1276,Hugo López,43
1277,Clara Herrera,44
1278,Raúl López,45
1279,Pablo Castro,46
1280,Sergio Torres,47
1281,Lucía Navarro,48
1282,Sara Ruiz,49
1283,Clara Morales,50
1284,Iván Morales,51
1285,Clara Ruiz,52
1286,Pablo Navarro,53
1287,Pablo Castro,54
1288,Paula Navarro,55
1289,Laura Ramos,56
1290,Ana Fernández,57
1291,Marta Díaz,58
1292,Marta Ortega,59
1293,Lucía Herrera,60
1294,Ana Pérez,61
1295,Ana Fernández,62
1296,David Pérez,63
1297,Sara Torres,64
1298,Sergio Herrera,65
1299,Sergio Ruiz,66
1300,Sara Sánchez,67
1301,Pablo López,68
1302,Marta López,69
1303,Carlos Herrera,70
1304,María Vega,71
1305,Paula Romero,72
1306,David Díaz,73
1307,Laura Morales,74
1308,María Sánchez,75
1309,Sergio Vega,76
1310,Iván Martín,77
1311,María García,78
1312,Jorge Pérez,79
1313,Paula Torres,80
1314,Laura Sánchez,81
1315,Marta Díaz,82
1316,Laura Navarro,83
1317,Paula Castro,84
1318,Carlos León,85
1319,Laura Pérez,86
1320,David Ramos,87
1321,Sara Ramos,88
1322,Jorge Pérez,89
1323,Alejandro Martín,90
1324,Iván Martín,91
1325,Sergio Castro,92
1326,Elena Morales,93
1327,Paula López,94
1328,Clara Pérez,95
1329,Alejandro Morales,96
1330,Paula Gil,97
1331,Sara Romero,98
1332,Clara Martín,99
1333,Sara Gómez,100
1334,Paula Romero,101
1335,Iván Navarro,102
1336,Raúl León,103
1337,David Ortega,104
1338,Carlos Díaz,105
1339,Hugo Castro,106
1340,Sergio Gil,107
1341,Iván Gómez,108
1342,Marta Ruiz,109
1343,Carlos Pérez,110
1344,Laura Navarro,111
1345,Pablo León,112
1346,Ana Gil,113
1347,María Gil,114
1348,Ana Fernández,115
1349,Juan Herrera,116
1350,Raúl Martín,117
1351,Sergio Gómez,118
1352,Lucía Ruiz,119
1353,Raúl Díaz,120
1354,Juan Ramos,121
1355,Iván Pérez,122
1356,Elena Ruiz,123
1357,David Ortega,124
1358,Elena Morales,125
1359,Nuria Ortega,126
1360,Sergio Ramos,127
1361,Iván Ortega,128
1362,Juan López,129
1363,Alejandro Romero,130
1364,Pablo Sánchez,131
1365,Paula Martín,132
1366,Nuria Gómez,133
1367,Nuria Ruiz,134
1368,David Gómez,135
1369,Raúl Sánchez,136
1370,Clara Ortega,137
1371,Clara Ortega,1
1372,Raúl Romero,2
1373,Ana Ruiz,3
1374,Nuria Gómez,4
1375,Sara Gómez,5
1376,Clara Ortega,6
1377,Laura Torres,7
1378,Lucía Pérez,8
1379,Alejandro Ortega,9
1380,Marta López,10
1381,Pablo Morales,11
1382,Laura Navarro,12
1383,Laura Torres,13
1384,Elena Díaz,14
1385,Paula Herrera,15
1386,Raúl Ramos,16
1387,Raúl Sánchez,17
1388,Pablo Martín,18
1389,Sara Gómez,19
1390,Ana Díaz,20
1391,Carlos Martín,21
1392,Carlos García,22
1393,Hugo Pérez,23
1394,Sergio Romero,24
1395,Marta Morales,25
1396,Sergio Herrera,26
1397,Pablo León,27
1398,David Ortega,28
1399,Sara Ramos,29
1400,Juan Romero,30
1401,Alejandro Sánchez,31
1402,Nuria Martín,32
1403,Sara Ortega,33
1404,Juan León,34
1405,Laura Romero,35
1406,Iván Romero,36
1407,Hugo Morales,37
1408,Sergio Torres,38
1409,Paula Navarro,39
1410,Juan Fernández,40
1411,Clara Romero,41
1412,María Herrera,42
1413,Jorge Ortega,43
1414,Paula Torres,44
1415,Carlos Ortega,45
1416,Clara García,46
1417,María Fernández,47
1418,Pablo Castro,48
1419,Nuria Gómez,49
1420,Pablo León,50
1421,Pablo López,51
1422,Raúl Pérez,52
1423,Iván Gil,53
1424,Juan Torres,54
1425,Jorge Gil,55
1426,Alejandro Ramos,56
1427,Alejandro Gómez,57
1428,Marta Pérez,58
1429,Sergio Vega,59
1430,Alejandro Sánchez,60
1431,Jorge Gómez,61
1432,Ana Ortega,62
1433,Hugo Martín,63
1434,Clara Ramos,64
1435,Elena Castro,65
1436,Nuria Castro,66
1437,Lucía Fernández,67
1438,Paula Romero,68
1439,Carlos Ortega,69
1440,Lucía Vega,70
1441,Laura Vega,71
1442,Juan Díaz,72
1443,Jorge García,73
1444,Paula Ruiz,74
1445,Hugo Torres,75
1446,Carlos Ortega,76
1447,Laura Díaz,77
1448,Clara Pérez,78
1449,Hugo Gil,79
1450,Jorge Martín,80
1451,Paula Morales,81
1452,María Morales,82
1453,Juan Herrera,83
1454,Paula Ortega,84
1455,María León,85
1456,Ana Díaz,86
1457,Sara Pérez,87
1458,David Romero,88
1459,Marta Pérez,89
1460,Ana López,90
1461,Juan Romero,91
1462,Juan Sánchez,92
1463,Carlos Castro,93
1464,Sara Ortega,94
1465,Hugo García,95
1466,Marta Gómez,96
1467,Marta Navarro,97
1468,María Ramos,98
1469,Raúl Pérez,99
1470,Lucía Vega,100
1471,Marta Martín,101
1472,Clara Romero,102
1473,Juan León,103
1474,Clara Herrera,104
1475,Alejandro Díaz,105
1476,Paula Romero,106
1477,Nuria Sánchez,107
1478,Pablo Díaz,108
1479,Nuria Romero,109
1480,Nuria Morales,110
1481,Sara Torres,111
1482,Juan Díaz,112
1483,Juan León,113
1484,Iván Romero,114
1485,María Herrera,115
1486,Pablo Pérez,116
1487,Clara Ortega,117
1488,María Torres,118
1489,Laura Díaz,119
1490,David León,120
1491,Clara Martín,121
1492,Iván Gómez,122
1493,Sara Fernández,123
1494,David Castro,124
1495,Alejandro Herrera,125
1496,Iván Ortega,126
1497,María Navarro,127
1498,Elena Ruiz,128
1499,Ana Gómez,129
1500,Hugo Morales,130
1501,Elena Ramos,131
1502,Carlos Vega,132
1503,Raúl García,133
1504,Marta Romero,134
1505,Jorge López,135
1506,Marta Sánchez,136
1507,Marta Ramos,137
1508,Clara Ruiz,1
1509,Pablo Vega,2
1510,Alejandro Gil,3
1511,Iván Morales,4
1512,Clara Vega,5
1513,Laura Ruiz,6
1514,María Morales,7
1515,Raúl Gil,8
1516,David Fernández,9
1517,Raúl Pérez,10
1518,Sergio Herrera,11
1519,David Herrera,12
1520,Jorge Castro,13
1521,Raúl León,14
1522,Carlos Ortega,15
1523,Nuria Ortega,16
1524,Ana Torres,17
1525,María Navarro,18
1526,Hugo Gil,19
1527,Raúl Torres,20
1528,Laura Navarro,21
1529,Alejandro López,22
1530,Jorge García,23
1531,Clara García,24
1532,Sara Castro,25
1533,Elena Fernández,26
1534,Sergio Gil,27
1535,Sergio Castro,28
1536,Clara Torres,29
1537,Jorge Castro,30
1538,Jorge Morales,31
1539,Laura Morales,32
1540,Nuria Vega,33
1541,Jorge López,34
1542,Marta Torres,35
1543,Nuria Herrera,36
1544,Laura Castro,37
1545,Lucía Navarro,38
1546,Laura Pérez,39
1547,Clara Vega,40
1548,Paula García,41
1549,Sara García,42
1550,Sergio Pérez,43
1551,Iván Díaz,44
1552,Hugo Torres,45
1553,Alejandro Morales,46
1554,María Ramos,47
1555,Raúl Castro,48
1556,Hugo Fernández,49
1557,Pablo Gil,50
1558,Sara López,51
1559,Marta Fernández,52
1560,Nuria Sánchez,53
1561,Nuria Morales,54
1562,Clara Ortega,55
1563,Ana Sánchez,56
1564,Jorge López,57
1565,Sergio Morales,58
1566,Sara Navarro,59
1567,Clara Romero,60
1568,Elena Fernández,61
1569,Raúl Pérez,62
1570,Pablo Fernández,63
1571,Elena Romero,64
1572,Hugo Vega,65
1573,Juan Herrera,66
1574,Raúl Morales,67
1575,Raúl Navarro,68
1576,Hugo Sánchez,69
1577,Laura Gómez,70
1578,Elena Díaz,71
1579,Jorge Ramos,72
1580,Carlos López,73
1581,Sergio Romero,74
1582,Alejandro Pérez,75
1583,Sergio Gómez,76
1584,Hugo Ruiz,77
1585,Juan García,78
1586,Raúl Martín,79
1587,María Martín,80
1588,María Castro,81
1589,Pablo Torres,82
1590,Elena Gómez,83
1591,Pablo Morales,84
1592,Laura Díaz,85
1593,Sara Romero,86
1594,Elena Gómez,87
1595,Lucía Herrera,88
1596,Juan Díaz,89
1597,Paula Ruiz,90
1598,Juan Ramos,91
1599,Lucía Herrera,92
1600,David Ruiz,93
1601,Ana Ortega,94
1602,Elena Castro,95
1603,Juan Ramos,96
1604,Sara Herrera,97
1605,Lucía Gil,98
1606,Alejandro Ramos,99
1607,Marta Herrera,100
1608,Lucía Romero,101
1609,Alejandro López,102
1610,Nuria Díaz,103
1611,Hugo Gómez,104
1612,Ana Fernández,105
1613,Lucía Ruiz,106
1614,Iván Gómez,107
1615,Sergio Ruiz,108
1616,Marta Castro,109
1617,Raúl León,110
1618,Lucía Torres,111
1619,Laura Díaz,112
1620,Laura Díaz,113
1621,Lucía Castro,114
1622,Hugo León,115
1623,Alejandro García,116
1624,Clara Castro,117
1625,Ana García,118
1626,Sergio León,119
1627,Nuria Ramos,120
1628,María Vega,121
1629,Clara Herrera,122
1630,Iván León,123
1631,Paula Sánchez,124
1632,Laura Torres,125
1633,Hugo Fernández,126
1634,Iván López,127
1635,Lucía García,128
1636,Iván López,129
1637,Jorge Morales,130
1638,Hugo López,131
1639,Nuria Vega,132
1640,Hugo López,133
1641,Nuria Ortega,134
1642,Pablo Herrera,135
1643,Clara Torres,136
1644,Nuria Navarro,137
1645,Pablo Ruiz,1
1646,Nuria García,2
1647,María León,3
1648,Carlos Vega,4
1649,Hugo Pérez,5
1650,Alejandro Ortega,6
1651,Ana Morales,7
1652,Elena León,8
1653,David López,9
1654,Elena Martín,10
1655,Ana Morales,11
1656,Jorge Ruiz,12
1657,Alejandro Morales,13
1658,Laura Díaz,14
1659,Ana Martín,15
1660,Raúl Herrera,16
1661,Carlos Vega,17
1662,Alejandro Fernández,18
1663,Raúl Ortega,19
1664,Iván Díaz,20
1665,Clara Morales,21
1666,Pablo Ramos,22
1667,Carlos García,23
1668,Clara Navarro,24
1669,Sergio Morales,25
1670,Sara Díaz,26
1671,María García,27
1672,Ana Herrera,28
1673,Marta Torres,29
1674,Sergio Gómez,30
1675,Carlos Gómez,31
1676,Nuria Vega,32
1677,Alejandro Díaz,33
1678,Carlos Díaz,34
1679,Pablo Torres,35
1680,Sergio Romero,36
1681,Jorge Fernández,37
1682,Ana Torres,38
1683,Elena Castro,39
1684,Elena Morales,40
1685,Clara Ortega,41
1686,Elena Torres,42
1687,Clara López,43
1688,Alejandro Gómez,44
1689,Iván Gil,45
1690,Sergio Navarro,46
1691,Iván Vega,47
1692,Pablo Navarro,48
1693,David Morales,49
1694,Pablo Ortega,50
1695,Elena Romero,51
1696,David León,52
1697,Nuria Gil,53
1698,Raúl Fernández,54
1699,Carlos López,55
1700,Clara Navarro,56
1701,Laura Romero,57
1702,Laura Ruiz,58
1703,Raúl Herrera,59
1704,Juan López,60
1705,Laura Navarro,61
1706,Sara Gómez,62
1707,Sara Ortega,63
1708,Pablo Martín,64
1709,Jorge Navarro,65
1710,Laura Pérez,66
1711,Pablo Pérez,67
1712,Pablo Fernández,68
1713,Lucía Vega,69
1714,Laura Martín,70
1715,Laura López,71
1716,David Romero,72
1717,Marta Ortega,73
1718,Laura Fernández,74
1719,Lucía Ramos,75
1720,Juan Díaz,76
1721,David Gómez,77
1722,Clara Navarro,78
1723,Juan Pérez,79
1724,Laura Ruiz,80
1725,Iván Fernández,81
1726,Clara Ramos,82
1727,Sara García,83
1728,Nuria Sánchez,84
1729,Alejandro Navarro,85
1730,Pablo Sánchez,86
1731,Alejandro Ruiz,87
1732,Carlos Morales,88
1733,Lucía Díaz,89
1734,Alejandro Pérez,90
1735,Elena Sánchez,91
1736,Juan Romero,92
1737,Sara Martín,93
1738,Elena Ramos,94
1739,Laura López,95
1740,María Romero,96
1741,Carlos Vega,97
1742,Sergio Romero,98
1743,Pablo Torres,99
1744,Paula Fernández,100
1745,Nuria Torres,101
1746,Lucía León,102
1747,Juan León,103
1748,David Morales,104
1749,Paula Vega,105
1750,Elena Díaz,106
1751,Jorge Ramos,107
1752,Pablo López,108
1753,Ana Gómez,109
1754,Sergio Navarro,110
1755,Sara Díaz,111
1756,Clara León,112
1757,Alejandro Sánchez,113
1758,Paula Navarro,114
1759,Hugo Castro,115
1760,Jorge Herrera,116
1761,Elena Castro,117
1762,Hugo Pérez,118
1763,Pablo Morales,119
1764,Paula Romero,120
1765,Sara Castro,121
1766,Clara Díaz,122
1767,María Romero,123
1768,Nuria Sánchez,124
1769,Sergio Martín,125
1770,María Ruiz,126
1771,Hugo Vega,127
1772,Iván Gil,128
1773,Paula Ruiz,129
1774,Elena Martín,130
1775,Pablo Romero,131
1776,Iván Ramos,132
1777,Juan Ramos,133
1778,Juan Ortega,134
1779,Alejandro Vega,135
1780,Ana García,136
1781,Juan Pérez,137
1782,David Díaz,1
1783,Alejandro Ortega,2
1784,David Sánchez,3
1785,Clara Sánchez,4
1786,Laura Sánchez,5
1787,Lucía Herrera,6
1788,Jorge Fernández,7
1789,Marta León,8
1790,Sergio Torres,9
1791,Paula Navarro,10
1792,Hugo Fernández,11
1793,Sara Ortega,12
1794,Alejandro Ortega,13
1795,Marta Sánchez,14
1796,Ana Ruiz,15
1797,Nuria Fernández,16
1798,María Vega,17
1799,Paula Díaz,18
1800,Pablo Pérez,19
1801,Clara Castro,20
1802,María Vega,21
1803,Elena Ramos,22
1804,Clara Herrera,23
1805,Iván Vega,24
1806,Pablo Sánchez,25
1807,Clara Pérez,26
1808,Sergio Pérez,27
1809,Paula Díaz,28
1810,David Morales,29
1811,Pablo León,30
1812,Sergio Ortega,31
1813,Laura Pérez,32
1814,Elena Gómez,33
1815,Juan Díaz,34
1816,Alejandro Torres,35
1817,Carlos Vega,36
1818,Marta Fernández,37
1819,Pablo Gil,38
1820,Sergio López,39
1821,Clara Navarro,40
1822,Jorge Martín,41
1823,Paula Gil,42
1824,Sergio Morales,43
1825,David Sánchez,44
1826,Ana Fernández,45
1827,Elena López,46
1828,Sergio Morales,47
1829,Lucía Navarro,48
1830,Carlos Vega,49
1831,Juan Vega,50
1832,Sergio Castro,51
1833,Marta Morales,52
1834,Lucía Ortega,53
1835,Clara Ortega,54
1836,Laura Navarro,55
1837,Elena Gómez,56
1838,Lucía Sánchez,57
1839,Laura Díaz,58
1840,Juan Navarro,59
1841,Laura Castro,60
1842,Iván Vega,61
1843,Iván Pérez,62
1844,Juan Martín,63
1845,Raúl Torres,64
1846,Clara Fernández,65
1847,Nuria Fernández,66
1848,Juan López,67
1849,Jorge Gil,68
1850,Alejandro López,69
1851,Pablo Díaz,70
1852,Lucía León,71
1853,María Ortega,72
1854,Paula Gómez,73
1855,Alejandro Castro,74
1856,Iván Romero,75
1857,Sara Ortega,76
1858,Juan Ruiz,77
1859,Laura Herrera,78
1860,Iván Sánchez,79
1861,Nuria Gil,80
1862,Marta Romero,81
1863,Laura Vega,82
1864,Elena Ortega,83
1865,Jorge Romero,84
1866,David Fernández,85
1867,Carlos Torres,86
1868,Lucía Vega,87
1869,Laura Gómez,88
1870,Iván Herrera,89
1871,Nuria Martín,90
1872,Elena Herrera,91
1873,Juan León,92
1874,Elena López,93
1875,Hugo Vega,94
1876,David Herrera,95
1877,Clara León,96
1878,Carlos Martín,97
1879,Alejandro Vega,98
1880,Lucía Martín,99
1881,Raúl Fernández,100
1882,Paula Fernández,101
1883,Alejandro Ortega,102
1884,Alejandro Ortega,103
1885,Lucía Ortega,104
1886,Sergio Romero,105
1887,Sara Morales,106
1888,María León,107
1889,Sergio López,108
1890,Ana Gil,109
1891,Marta Torres,110
1892,Clara López,111
1893,Juan Pérez,112
1894,Hugo Morales,113
1895,María Vega,114
1896,Ana Navarro,115
1897,Iván Gómez,116
1898,Clara Pérez,117
1899,Jorge Herrera,118
1900,Raúl León,119
1901,Pablo Vega,120
1902,Hugo Díaz,121
1903,David Gómez,122
1904,Laura Gómez,123
1905,Elena Vega,124
1906,Clara León,125
1907,Sara López,126
1908,Pablo Sánchez,127
1909,Marta Pérez,128
1910,David Castro,129
1911,Nuria Gil,130
1912,María Martín,131
1913,David Navarro,132
1914,Marta Romero,133
1915,Carlos Ortega,134
1916,Laura Pérez,135
1917,Elena León,136
1918,Jorge Herrera,137
1919,Paula Ortega,1
1920,Alejandro Ramos,2
1921,Pablo Morales,3
1922,Nuria López,4
1923,Nuria Romero,5
1924,Sara Sánchez,6
1925,María León,7
1926,Hugo Romero,8
1927,María Pérez,9
1928,Marta Fernández,10
1929,Marta Vega,11
1930,Raúl Castro,12
1931,Alejandro Pérez,13
1932,Pablo Ramos,14
1933,Paula Romero,15
1934,Paula Pérez,16
1935,María Pérez,17
1936,David Torres,18
1937,Elena Ruiz,19
1938,Nuria Gil,20
1939,Hugo García,21
1940,Sara Martín,22
1941,Marta López,23
1942,Lucía Castro,24
1943,Sergio Vega,25
1944,Raúl Díaz,26
1945,Ana López,27
1946,Juan Ruiz,28
1947,Sara Sánchez,29
1948,Lucía Navarro,30
1949,Elena Díaz,31
1950,Sara Ortega,32
1951,Nuria Morales,33
1952,Pablo Gil,34
1953,Hugo Sánchez,35
1954,Nuria Sánchez,36
1955,Nuria Ruiz,37
1956,Sara Ramos,38
1957,Nuria Fernández,39
1958,Nuria Sánchez,40
1959,Lucía Fernández,41
1960,Alejandro Gil,42
1961,Carlos Ruiz,43
1962,Iván Castro,44
1963,Juan Martín,45
1964,Raúl Martín,46
1965,Iván Romero,47
1966,Alejandro Díaz,48
1967,Ana Martín,49
1968,Nuria Pérez,50
1969,Marta Gil,51
1970,Ana Herrera,52
1971,Raúl León,53
1972,Iván Castro,54
1973,Iván Gil,55
1974,María Castro,56
1975,David Morales,57
1976,Juan Martín,58
1977,David Pérez,59
1978,Alejandro Pérez,60
1979,Jorge Martín,61
1980,Marta Pérez,62
1981,Hugo Díaz,63
1982,Laura Vega,64
1983,Pablo Gil,65
1984,Jorge García,66
1985,Juan Gómez,67
1986,Sara Díaz,68
1987,Paula Vega,69
1988,Juan Herrera,70
1989,Carlos Gómez,71
1990,Clara Martín,72
1991,David Gómez,73
1992,Paula López,74
1993,Alejandro Ortega,75
1994,Marta Ramos,76
1995,María Sánchez,77
1996,Alejandro Herrera,78
1997,Paula León,79
1998,Marta López,80
1999,Lucía Vega,81
2000,Lucía López,82
2001,David Díaz,83
2002,Pablo López,84
2003,Raúl Ramos,85
2004,Pablo García,86
2005,Pablo Díaz,87
2006,Nuria Díaz,88
2007,María Ruiz,89
2008,María Ramos,90
2009,David Castro,91
2010,Ana López,92
2011,María Martín,93
2012,Sergio Morales,94
2013,Alejandro Ruiz,95
2014,Juan Gil,96
2015,Alejandro Romero,97
2016,Lucía Gil,98
2017,Nuria Sánchez,99
2018,María Martín,100
2019,Jorge Ortega,101
2020,Alejandro Morales,102
2021,Raúl Martín,103
2022,Hugo Morales,104
2023,Pablo Ramos,105
2024,Sara López,106
2025,Paula Romero,107
2026,Hugo Fernández,108
2027,Elena Sánchez,109
2028,Alejandro Gil,110
2029,Hugo Navarro,111
2030,Carlos Vega,112
2031,Sara Ortega,113
2032,Sergio Herrera,114
2033,Pablo Gómez,115
2034,Sergio Ortega,116
2035,Carlos García,117
2036,Iván Fernández,118
2037,Alejandro Ramos,119
2038,Alejandro Morales,120
2039,Raúl Castro,121
2040,Sara Ortega,122
2041,Iván Castro,123
2042,Pablo Herrera,124
2043,Elena Martín,125
2044,Juan Morales,126
2045,Carlos Díaz,127
2046,Marta Sánchez,128
2047,Nuria López,129
2048,Marta León,130
2049,Jorge Herrera,131
2050,Ana Gil,132
2051,Laura Herrera,133
2052,Jorge Sánchez,134
2053,Jorge Herrera,135
2054,Pablo García,136
2055,Sara Ramos,137
2056,Juan Romero,1
2057,Nuria Navarro,2
2058,Nuria Morales,3
2059,Raúl Ramos,4
2060,David Sánchez,5
2061,Carlos Morales,6
2062,Paula García,7
2063,Ana Morales,8
2064,Elena Navarro,9
2065,Laura Ramos,10
2066,Raúl Vega,11
2067,Raúl Herrera,12
2068,Sara Fernández,13
2069,Hugo Sánchez,14
2070,Iván Ortega,15
2071,Jorge García,16
2072,Elena Castro,17
2073,Hugo Pérez,18
2074,Nuria García,19
2075,Clara López,20
2076,Raúl Ortega,21
2077,Lucía León,22
2078,Nuria Torres,23
2079,Jorge León,24
2080,Marta Torres,25
2081,Laura Ruiz,26
2082,Paula Díaz,27
2083,Juan Pérez,28
2084,David Vega,29
2085,Raúl Herrera,30
2086,Nuria Herrera,31
2087,Sara Gómez,32
2088,Nuria García,33
2089,Carlos Ortega,34
2090,Carlos Pérez,35
2091,Iván Ramos,36
2092,Ana Romero,37
2093,Clara Romero,38
2094,Pablo Ortega,39
2095,Sergio Torres,40
2096,Lucía Gómez,41
2097,Marta Ruiz,42
2098,Raúl Ruiz,43
2099,Juan Ortega,44
2100,Alejandro Vega,45
2101,Sergio Gómez,46
2102,Clara Herrera,47
2103,Sergio Herrera,48
2104,Hugo Gil,49
2105,Hugo García,50
2106,Pablo Morales,51
2107,Lucía Castro,52
2108,David Ortega,53
2109,María Pérez,54
2110,Iván Ruiz,55
2111,Jorge Díaz,56
2112,Alejandro Sánchez,57
2113,Pablo Vega,58
2114,David Ortega,59
2115,Iván Fernández,60
2116,Elena Díaz,61
2117,Raúl Pérez,62
2118,Sergio Vega,63
2119,Sergio Pérez,64
2120,Clara Sánchez,65
2121,Sara Navarro,66
2122,Laura Vega,67
2123,Juan Morales,68
2124,Pablo Herrera,69
2125,Hugo Ruiz,70
2126,Lucía Navarro,71
2127,Elena Herrera,72
2128,Lucía García,73
2129,Alejandro Torres,74
2130,Pablo Díaz,75
2131,Hugo Vega,76
2132,Laura Torres,77
2133,Sara Fernández,78
2134,Alejandro López,79
2135,Sergio Gómez,80
2136,David Castro,81
2137,Juan Castro,82
2138,Iván Gil,83
2139,Marta Gómez,84
2140,Paula Ramos,85
2141,María Ortega,86
2142,Jorge Ruiz,87
2143,Hugo Torres,88
2144,Carlos Morales,89
2145,Alejandro Gómez,90
2146,Ana León,91
2147,Nuria Fernández,92
2148,David Martín,93
2149,Clara Vega,94
2150,Paula Martín,95
2151,Sara Pérez,96
2152,Elena Torres,97
2153,Iván Ramos,98
2154,Jorge Sánchez,99
2155,Laura Ramos,100
2156,Carlos García,101
2157,Iván Gil,102
2158,Lucía León,103
2159,Clara Gil,104
2160,Sergio Castro,105
2161,Elena Gómez,106
2162,Marta Romero,107
2163,Carlos Navarro,108
2164,Marta Ortega,109
2165,Nuria León,110
2166,Jorge Ruiz,111
2167,Juan Ramos,112
2168,Sara Herrera,113
2169,María Fernández,114
2170,Laura Díaz,115
2171,David García,116
2172,Clara Herrera,117
2173,Marta Pérez,118
2174,Jorge Gil,119
2175,Marta Ortega,120
2176,Clara López,121
2177,Sara Morales,122
2178,Clara Gómez,123
2179,Iván Castro,124
2180,David García,125
2181,Marta Navarro,126
2182,Paula Ramos,127
2183,Alejandro Torres,128
2184,Nuria Castro,129
2185,Nuria Herrera,130
2186,Sara Navarro,131
2187,Juan Morales,132
2188,Jorge León,133
2189,Jorge Ortega,134
2190,Elena León,135
2191,Pablo Díaz,136
2192,Elena Fernández,137
2193,Carlos Sánchez,1
2194,Clara García,2
2195,Hugo Navarro,3
2196,Clara Díaz,4
2197,Sara Ortega,5
2198,Juan Morales,6
2199,Raúl Castro,7
2200,Ana Morales,8
2201,Juan García,9
2202,Nuria Sánchez,10
2203,Sergio Ortega,11
2204,Paula Díaz,12
2205,Sara Díaz,13
2206,Laura Herrera,14
2207,Nuria Díaz,15
2208,David Torres,16
2209,Raúl Ruiz,17
2210,Iván Morales,18
2211,Carlos Gómez,19
2212,Marta Morales,20
2213,Juan Gil,21
2214,Jorge Herrera,22
2215,Nuria Gómez,23
2216,Marta Gómez,24
2217,Ana Díaz,25
2218,Alejandro Morales,26
2219,Marta Vega,27
2220,María Ramos,28
2221,Alejandro Gómez,29
2222,María Torres,30
2223,Hugo Navarro,31
2224,Marta León,32
2225,Ana Martín,33
2226,María Ortega,34
2227,Sergio León,35
2228,Nuria Sánchez,36
2229,Clara Sánchez,37
2230,Hugo Romero,38
2231,Clara Herrera,39
2232,Nuria Ortega,40
2233,Iván García,41
2234,Clara Torres,42
2235,Elena Ramos,43
2236,María Fernández,44
2237,Carlos Gil,45
2238,Lucía Sánchez,46
2239,David Martín,47
2240,Marta Martín,48
2241,Sara Sánchez,49
2242,Iván Ruiz,50
2243,Marta Ortega,51
2244,Ana Gil,52
2245,Nuria Gómez,53
2246,Ana Sánchez,54
2247,Nuria Romero,55
2248,Laura Ruiz,56
2249,Clara Gómez,57
2250,Sergio Torres,58
2251,Alejandro Castro,59
2252,Carlos Gil,60
2253,Marta Torres,61
2254,Nuria Castro,62
2255,Juan Martín,63
2256,David Herrera,64
2257,Nuria Sánchez,65
2258,Clara León,66
2259,David Fernández,67
2260,Hugo López,68
2261,Nuria Gil,69
2262,Nuria Ruiz,70
2263,David Gil,71
2264,Alejandro Gómez,72
2265,Elena Ramos,73
2266,Clara Gil,74
2267,David Castro,75
2268,Ana Navarro,76
2269,David Fernández,77
2270,Lucía Sánchez,78
2271,Pablo Díaz,79
2272,Nuria Díaz,80
2273,Alejandro Torres,81
2274,Alejandro León,82
2275,Juan Sánchez,83
2276,Raúl García,84
2277,Nuria Morales,85
2278,Ana Castro,86
2279,Sara García,87
2280,Marta Ramos,88
2281,Laura Castro,89
2282,Elena García,90
2283,Hugo Gil,91
2284,David Herrera,92
2285,David Ramos,93
2286,Laura Romero,94
2287,Lucía Ramos,95
2288,Sergio Navarro,96
2289,Marta Ramos,97
2290,Marta Martín,98
2291,Lucía Ruiz,99
2292,Juan Ramos,100
2293,Nuria Navarro,101
2294,Elena Morales,102
2295,Alejandro Ortega,103
2296,David Gil,104
2297,Juan Martín,105
2298,Clara Herrera,106
2299,Laura Sánchez,107
2300,Iván Gil,108
2301,Hugo Fernández,109
2302,Clara Ortega,110
2303,Alejandro Sánchez,111
2304,Iván Torres,112
2305,Nuria Castro,113
2306,Clara García,114
2307,Raúl Ramos,115
2308,David Ortega,116
2309,Pablo Gómez,117
2310,Clara Romero,118
2311,Juan Herrera,119
2312,Raúl Ruiz,120
2313,Laura Vega,121
2314,Raúl Navarro,122
2315,Hugo Gil,123
2316,Laura Herrera,124
2317,Ana Fernández,125
2318,Alejandro Castro,126
2319,Hugo Castro,127
2320,Sergio Navarro,128
2321,Hugo Gómez,129
2322,Sara Ruiz,130
2323,Laura Navarro,131
2324,María Pérez,132
2325,Carlos Díaz,133
2326,Ana Díaz,134
2327,Ana Pérez,135
2328,Carlos Martín,136
2329,Carlos León,137
2330,María Herrera,1
2331,Sara Díaz,2
2332,Juan Vega,3
2333,Jorge García,4
2334,Pablo García,5
2335,Nuria Ramos,6
2336,Juan Gil,7
2337,María Torres,8
2338,María García,9
2339,Pablo Castro,10
2340,David Díaz,11
2341,Carlos Ruiz,12
2342,Pablo Ortega,13
2343,Iván Martín,14
2344,Sara Gómez,15
2345,Clara Navarro,16
2346,Jorge Ruiz,17
2347,Laura Ramos,18
2348,Pablo Sánchez,19
2349,María García,20
2350,Ana Díaz,21
2351,Clara Castro,22
2352,Ana Navarro,23
2353,Marta García,24
2354,Iván Ortega,25
2355,Raúl Navarro,26
2356,Clara León,27
2357,Nuria León,28
2358,Iván Herrera,29
2359,Laura Sánchez,30
2360,Laura Romero,31
2361,Hugo Morales,32
2362,Clara Ramos,33
2363,Iván López,34
2364,Alejandro Pérez,35
2365,Sara Ruiz,36
2366,Raúl Sánchez,37
2367,Nuria Ramos,38
2368,Raúl Fernández,39
2369,Carlos Gómez,40
2370,Paula Pérez,41
2371,Raúl García,42
2372,Jorge Herrera,43
2373,Pablo Pérez,44
2374,Ana Gómez,45
2375,María Pérez,46
2376,Clara Navarro,47
2377,Alejandro Ruiz,48
2378,David Romero,49
2379,Hugo Torres,50
2380,Jorge Ruiz,51
2381,Sara López,52
2382,María Sánchez,53
2383,Juan López,54
2384,Hugo Díaz,55
2385,Carlos Torres,56
2386,Ana Gómez,57
2387,Raúl García,58
2388,Iván Pérez,59
2389,David Sánchez,60
2390,Sergio León,61
2391,María Navarro,62
2392,Lucía Díaz,63
2393,Elena Gil,64
2394,David Ruiz,65
2395,Pablo Vega,66
2396,Jorge Herrera,67
2397,Laura Gómez,68
2398,Alejandro Castro,69
2399,Pablo Ortega,70
2400,Sergio Romero,71
2401,Sara León,72
2402,María Pérez,73
2403,Hugo Gil,74
2404,María Fernández,75
2405,Juan Ortega,76
2406,Raúl Morales,77
2407,Marta León,78
2408,Paula Ortega,79
2409,David Martín,80
2410,Marta Torres,81
2411,Marta Ruiz,82
2412,Raúl León,83
2413,Laura Navarro,84
2414,Hugo Ramos,85
2415,Iván Martín,86
2416,Raúl Torres,87
2417,Carlos Herrera,88
2418,Marta Pérez,89
2419,Pablo Fernández,90
2420,Paula Martín,91
2421,Nuria Martín,92
2422,Lucía Ortega,93
2423,Paula Pérez,94
2424,María Castro,95
2425,Laura Ramos,96
2426,Paula Castro,97
2427,Lucía Fernández,98
2428,Ana Pérez,99
2429,Sergio Sánchez,100
2430,Jorge López,101
2431,Alejandro Romero,102
2432,Juan León,103
2433,Clara León,104
2434,Pablo Vega,105
2435,Jorge Martín,106
2436,Carlos Torres,107
2437,Carlos Torres,108
2438,Sergio Castro,109
2439,María Vega,110
2440,Paula Ortega,111
2441,Hugo Herrera,112
2442,Jorge Torres,113
2443,Ana Romero,114
2444,Elena Pérez,115
2445,Sara García,116
2446,Ana Martín,117
2447,Paula García,118
2448,Nuria Morales,119
2449,Pablo García,120
2450,Sara Gómez,121
2451,Sara Navarro,122
2452,Ana Ruiz,123
2453,Laura Ortega,124
2454,Clara García,125
2455,Sergio Morales,126
2456,Marta Morales,127
2457,Laura Castro,128
2458,Hugo Gómez,129
2459,Iván Torres,130
2460,María Vega,131
2461,Iván Navarro,132
2462,Carlos García,133
2463,Nuria Gómez,134
2464,Ana Díaz,135
2465,Laura Martín,136
2466,María Vega,137
2467,María Sánchez,1
2468,Lucía García,2
2469,Paula Ruiz,3
2470,Clara Martín,4
2471,Laura Castro,5
2472,Elena Ortega,6
2473,Sara García,7
2474,Laura Martín,8
2475,Iván Ortega,9
2476,Hugo Gil,10
2477,Raúl Herrera,11
2478,Hugo Gómez,12
2479,Hugo Romero,13
2480,Carlos Sánchez,14
2481,Paula López,15
2482,Laura Ortega,16
2483,David Ruiz,17
2484,Ana Gil,18
2485,María Gómez,19
2486,Nuria Díaz,20
2487,Paula Vega,21
2488,Nuria Herrera,22
2489,Sara Romero,23
2490,Pablo Navarro,24
2491,Clara León,25
2492,Sergio Gil,26
2493,Clara Castro,27
2494,Nuria Ruiz,28
2495,María Gil,29
2496,Sergio Pérez,30
2497,Marta Gómez,31
2498,Juan Herrera,32
2499,Nuria García,33
2500,Paula Navarro,34
2501,Laura Castro,35
2502,Paula Romero,36
2503,Paula Ramos,37
2504,Laura Sánchez,38
2505,Nuria León,39
2506,Marta Pérez,40
2507,Clara Ortega,41
2508,Alejandro Ortega,42
2509,Iván Martín,43
2510,Raúl Castro,44
2511,Raúl Díaz,45
2512,Hugo Gómez,46
2513,María Gómez,47
2514,Sergio Ramos,48
2515,Juan Torres,49
2516,Juan Morales,50
2517,Nuria Martín,51
2518,Sara León,52
2519,David Castro,53
2520,Lucía Díaz,54
2521,Juan Gil,55
2522,Paula Navarro,56
2523,Jorge Gómez,57
2524,Laura Ruiz,58
2525,David Torres,59
2526,Hugo Ruiz,60
2527,Alejandro Herrera,61
2528,Nuria Fernández,62
2529,Raúl López,63
2530,Laura Gil,64
2531,Sergio Ortega,65
2532,Jorge Navarro,66
2533,Carlos Díaz,67
2534,David León,68
2535,Ana Vega,69
2536,Nuria Pérez,70
2537,Laura Castro,71
2538,Marta Gómez,72
2539,Ana López,73
2540,Lucía Fernández,74
2541,Paula Martín,75
2542,Marta Pérez,76
2543,Sergio Ramos,77
2544,Lucía Díaz,78
2545,Hugo Ramos,79
2546,Sergio Martín,80
2547,Marta Romero,81
2548,Elena Gómez,82
2549,Iván Gil,83
2550,David Martín,84
2551,Carlos Pérez,85
2552,Sergio Fernández,86
2553,Pablo Navarro,87
2554,Raúl Vega,88
2555,Clara León,89
2556,David Gil,90
2557,María Ruiz,91
2558,Raúl García,92
2559,Laura Ruiz,93
2560,Elena Vega,94
2561,Nuria Romero,95
2562,Raúl León,96
2563,Iván Ramos,97
2564,Marta Romero,98
2565,Sergio Ramos,99
2566,Marta Fernández,100
2567,Iván León,101
2568,Alejandro Pérez,102
2569,Marta Sánchez,103
2570,Iván Ramos,104
2571,Jorge Gómez,105
2572,Pablo Gómez,106
2573,Ana Martín,107
2574,Lucía Morales,108
2575,David Martín,109
2576,María Herrera,110
2577,Sara Ortega,111
2578,Sergio Navarro,112
2579,Iván López,113
2580,David Ruiz,114
2581,Paula Fernández,115
2582,Alejandro López,116
2583,María Navarro,117
2584,Laura Vega,118
2585,Sergio Sánchez,119
2586,Alejandro Morales,120
2587,Pablo Sánchez,121
2588,Nuria Fernández,122
2589,Jorge León,123
2590,Juan Díaz,124
2591,Marta Torres,125
2592,Jorge Romero,126
2593,David Martín,127
2594,Clara Díaz,128
2595,Pablo Herrera,129
2596,Nuria Sánchez,130
2597,Carlos Gómez,131
2598,Paula Morales,132
2599,Iván Pérez,133
2600,David Ramos,134
2601,Pablo Gómez,135
2602,Iván Martín,136
2603,Sergio Fernández,137
2604,Sara Pérez,1
2605,María Fernández,2
2606,Paula Gómez,3
2607,Juan León,4
2608,Ana Castro,5
2609,Laura Ramos,6
2610,Elena Ruiz,7
2611,Nuria Vega,8
2612,Clara Vega,9
2613,Raúl García,10
2614,Alejandro León,11
2615,Clara Pérez,12
2616,Laura Gómez,13
2617,Lucía León,14
2618,Laura Ortega,15
2619,Hugo Gil,16
2620,Sara León,17
2621,Lucía Morales,18
2622,Juan Gil,19
2623,Elena Vega,20
2624,Iván Torres,21
2625,Jorge Martín,22
2626,Jorge Gil,23
2627,Iván Navarro,24
2628,Sara Torres,25
2629,Marta Sánchez,26
2630,Ana Ramos,27
2631,Sara Navarro,28
2632,Laura Sánchez,29
2633,Nuria García,30
2634,Alejandro Gómez,31
2635,Alejandro Martín,32
2636,Ana Ruiz,33
2637,Carlos Torres,34
2638,Sara Ruiz,35
2639,Juan Vega,36
2640,Iván García,37
2641,Lucía López,38
2642,Pablo García,39
2643,Raúl Gil,40
2644,Alejandro Ruiz,41
2645,David García,42
2646,Laura Pérez,43
2647,Clara Gil,44
2648,Hugo Fernández,45
2649,Clara Díaz,46
2650,Iván Ruiz,47
2651,Clara Castro,48
2652,Lucía Gómez,49
2653,Iván Morales,50
2654,Pablo Fernández,51
2655,Jorge Ruiz,52
2656,Raúl Díaz,53
2657,David Sánchez,54
2658,Ana Torres,55
2659,Paula Navarro,56
2660,Laura Morales,57
2661,Raúl Navarro,58
2662,Hugo Ortega,59
2663,Jorge Ruiz,60
2664,Iván Castro,61
2665,Carlos Gómez,62
2666,Hugo Torres,63
2667,Paula Vega,64
2668,Elena López,65
2669,Hugo Morales,66
2670,David Gil,67
2671,Marta Gómez,68
2672,Nuria Gómez,69
2673,Lucía Martín,70
2674,María Sánchez,71
2675,Marta Romero,72
2676,Alejandro Ruiz,73
2677,Nuria León,74
2678,Alejandro Ruiz,75
2679,Clara Sánchez,76
2680,Lucía Morales,77
2681,Jorge Navarro,78
2682,Paula Gómez,79
2683,Jorge Ortega,80
2684,Pablo Navarro,81
2685,Clara Díaz,82
2686,Marta Ramos,83
2687,Elena Vega,84
2688,Nuria Castro,85
2689,David Torres,86
2690,Clara Gómez,87
2691,Ana Ramos,88
2692,Nuria Pérez,89
2693,Paula Gil,90
2694,Hugo Torres,91
2695,Elena Ortega,92
2696,Juan Díaz,93
2697,Pablo Castro,94
2698,Ana Sánchez,95
2699,Pablo Díaz,96
2700,María Navarro,97
2701,Laura Romero,98
2702,Sergio Morales,99
2703,Laura Ruiz,100
2704,Hugo Herrera,101
2705,Raúl Gil,102
2706,María Navarro,103
2707,Pablo Pérez,104
2708,Juan Gómez,105
2709,Jorge Ramos,106
2710,Juan Ortega,107
2711,Juan Ramos,108
2712,Carlos Romero,109
2713,Jorge Pérez,110
2714,Carlos Pérez,111
2715,Clara Navarro,112
2716,Alejandro Herrera,113
2717,Juan Ortega,114
2718,Elena Ruiz,115
2719,Lucía García,116
2720,Iván León,117
2721,Jorge Morales,118
2722,Hugo Fernández,119
2723,Marta Castro,120
2724,Nuria Gil,121
2725,Sergio León,122
2726,Clara Fernández,123
2727,Iván Gil,124
2728,Laura López,125
2729,Clara Romero,126
2730,Juan Fernández,127
2731,Sergio Gómez,128
2732,Hugo Navarro,129
2733,Sara Herrera,130
2734,Hugo Vega,131
2735,David Torres,132
2736,Ana Martín,133
2737,Clara Ortega,134
2738,Paula Vega,135
2739,Iván Gil,136
2740,Laura Ramos,137
2741,David Herrera,1
2742,Jorge Ortega,2
2743,Paula Gómez,3
2744,María León,4
2745,Hugo Morales,5
2746,María Martín,6
2747,Clara Fernández,7
2748,Paula Martín,8
2749,Jorge Díaz,9
2750,Iván Romero,10
2751,Juan Herrera,11
2752,Alejandro Ruiz,12
2753,Clara Sánchez,13
2754,Alejandro Herrera,14
2755,David Morales,15
2756,David León,16
2757,Laura Torres,17
2758,Elena Sánchez,18
2759,Juan Herrera,19
2760,Marta Gómez,20
2761,Elena Pérez,21
2762,Juan López,22
2763,Elena Romero,23
2764,David Gil,24
2765,Iván Torres,25
2766,Laura García,26
2767,María Romero,27
2768,Carlos Gil,28
2769,Paula Morales,29
2770,Carlos Vega,30
2771,Clara Ruiz,31
2772,Sergio Ramos,32
2773,Jorge García,33
2774,María Navarro,34
2775,Nuria Gil,35
2776,David Gil,36
2777,Marta Herrera,37
2778,Ana Pérez,38
2779,Carlos Ramos,39
2780,Clara Vega,40
2781,Paula León,41
2782,Sergio Romero,42
2783,Alejandro López,43
2784,Clara Ramos,44
2785,Lucía Fernández,45
2786,María Martín,46
2787,Clara Castro,47
2788,Ana Romero,48
2789,Elena Sánchez,49
2790,María Martín,50
2791,Lucía Gil,51
2792,Raúl Fernández,52
2793,María Pérez,53
2794,Elena Herrera,54
2795,Marta Castro,55
2796,Juan López,56
2797,David Ortega,57
2798,Paula Martín,58
2799,Marta Herrera,59
2800,Juan Ortega,60
2801,Carlos Martín,61
2802,Carlos León,62
2803,Pablo López,63
2804,Laura Ruiz,64
2805,Iván Romero,65
2806,Raúl Morales,66
2807,Paula Gil,67
2808,Elena Díaz,68
2809,Sara Ruiz,69
2810,Sara Ruiz,70
2811,Laura López,71
2812,Alejandro Gómez,72
2813,Paula Ramos,73
2814,Laura García,74
2815,Juan López,75
2816,Paula García,76
2817,Sara Morales,77
2818,Paula Martín,78
2819,Iván Navarro,79
2820,Ana Navarro,80
2821,Raúl Gil,81
2822,Iván Ramos,82
2823,Sergio Vega,83
2824,Carlos García,84
2825,Sergio Herrera,85
2826,Paula Ruiz,86
2827,Jorge León,87
2828,Marta Torres,88
2829,Raúl Martín,89
2830,Carlos León,90
2831,Raúl Ortega,91
2832,David Vega,92
2833,Carlos Romero,93
2834,Elena García,94
2835,Ana Torres,95
2836,Sara Castro,96
2837,Nuria Herrera,97
2838,David Ruiz,98
2839,Lucía Gómez,99
2840,David Ramos,100
2841,Sara León,101
2842,Elena Fernández,102
2843,Elena Ramos,103
2844,Elena Gómez,104
2845,Lucía Herrera,105
2846,Lucía Pérez,106
2847,Juan Ramos,107
2848,Lucía Herrera,108
2849,Pablo Sánchez,109
2850,Clara García,110
2851,Alejandro Romero,111
2852,Laura Torres,112
2853,Pablo Herrera,113
2854,Carlos Martín,114
2855,David Pérez,115
2856,Lucía Castro,116
2857,Pablo Morales,117
2858,Iván Díaz,118
2859,Sergio Navarro,119
2860,Jorge García,120
2861,Carlos García,121
2862,Jorge Martín,122
2863,Hugo López,123
2864,Hugo Herrera,124
2865,Elena Navarro,125
2866,Sergio Gómez,126
2867,Sergio Torres,127
2868,David Fernández,128
2869,Hugo Fernández,129
2870,Marta Ortega,130
2871,Pablo Romero,131
2872,Jorge Ortega,132
2873,Sergio Ramos,133
2874,Carlos Castro,134
2875,Alejandro Navarro,135
2876,Carlos Sánchez,136
2877,Hugo Castro,137
2878,Elena León,1
2879,Jorge Morales,2
2880,Hugo Torres,3
2881,Juan Martín,4
2882,Sergio Ramos,5
2883,Hugo Sánchez,6
2884,Clara Gómez,7
2885,Sergio Romero,8
2886,Alejandro Martín,9
2887,Laura León,10
2888,Clara Torres,11
2889,Ana Romero,12
2890,Marta Ramos,13
2891,Lucía Romero,14
2892,Marta Torres,15
2893,Nuria Ramos,16
2894,Jorge Ortega,17
2895,Laura Herrera,18
2896,Elena Morales,19
2897,Elena Ramos,20
2898,Marta Ruiz,21
2899,David Ruiz,22
2900,David Ruiz,23
2901,Raúl León,24
2902,Elena Pérez,25
2903,Nuria Ruiz,26
2904,Clara Romero,27
2905,Juan Gómez,28
2906,Ana Martín,29
2907,Sergio Ramos,30
2908,Marta García,31
2909,Alejandro Navarro,32
2910,Lucía León,33
2911,Alejandro Torres,34
2912,David Díaz,35
2913,Juan Fernández,36
2914,Carlos Díaz,37
2915,Laura Gómez,38
2916,Elena León,39
2917,Lucía Castro,40
2918,Raúl Martín,41
2919,Marta Ruiz,42
2920,Juan León,43
2921,Jorge Gómez,44
2922,Carlos Pérez,45
2923,Clara Martín,46
2924,Clara Ruiz,47
2925,Iván Pérez,48
2926,Hugo Pérez,49
2927,Sara López,50
2928,Lucía Romero,51
2929,Clara Castro,52
2930,Ana Sánchez,53
2931,Juan Romero,54
2932,Lucía Pérez,55
2933,Paula Fernández,56
2934,Nuria Pérez,57
2935,Clara Martín,58
2936,Jorge Castro,59
2937,Lucía León,60
2938,Paula Castro,61
2939,Sergio Torres,62
2940,Hugo Torres,63
2941,Jorge Ortega,64
2942,Jorge López,65
2943,Jorge Ortega,66
2944,Lucía Martín,67
2945,Paula Díaz,68
2946,Pablo Torres,69
2947,Alejandro León,70
2948,María Pérez,71
2949,Paula Ruiz,72
2950,Jorge Romero,73
2951,Nuria Martín,74
2952,Marta Castro,75
2953,Jorge Castro,76
2954,María Gil,77
2955,Clara López,78
2956,Ana Ramos,79
2957,Sergio Romero,80
2958,Laura Ortega,81
2959,Sara López,82
2960,Alejandro Ortega,83
2961,Pablo Romero,84
2962,Pablo Torres,85
2963,Alejandro Martín,86
2964,Elena López,87
2965,Paula Díaz,88
2966,Nuria León,89
2967,Iván Navarro,90
2968,Sergio Castro,91
2969,Marta Martín,92
2970,Juan López,93
2971,Paula López,94
2972,Elena Ramos,95
2973,Marta Sánchez,96
2974,Sergio Gómez,97
2975,Laura García,98
2976,Laura García,99
2977,Paula Gil,100
2978,Clara Morales,101
2979,Laura Pérez,102
2980,Laura Martín,103
2981,María León,104
2982,Lucía Gómez,105
2983,Juan Sánchez,106
2984,Nuria López,107
2985,Elena García,108
2986,Hugo Díaz,109
2987,Ana Navarro,110
2988,Jorge Torres,111
2989,Marta Morales,112
2990,Raúl Romero,113
2991,Sergio Morales,114
2992,María Castro,115
2993,Pablo Romero,116
2994,Laura Ortega,117
2995,Jorge Vega,118
2996,Sergio León,119
2997,Juan Gómez,120
2998,Carlos Castro,121
2999,Sara Romero,122
3000,Nuria Castro,123
